[
{
    "model": "targets.specialty", 
    "pk": 1, 
    "fields": {
        "name": "test", 
        "datetime_created": "2014-04-20T22:22:22.037Z", 
        "parent": null, 
        "datetime_modified": "2014-04-20T22:22:22.037Z"
    }
},
{
    "model": "targets.specialty", 
    "pk": 2, 
    "fields": {
        "name": "education", 
        "datetime_created": "2014-04-20T22:23:09.898Z", 
        "parent": null, 
        "datetime_modified": "2014-04-20T22:23:09.898Z"
    }
},
{
    "model": "targets.specialty", 
    "pk": 3, 
    "fields": {
        "name": "test2", 
        "datetime_created": "2014-04-20T22:23:35.484Z", 
        "parent": 1, 
        "datetime_modified": "2014-04-20T22:23:35.484Z"
    }
},
{
    "model": "targets.specialty", 
    "pk": 4, 
    "fields": {
        "name": "whatever", 
        "datetime_created": "2014-04-20T22:26:11.758Z", 
        "parent": null, 
        "datetime_modified": "2014-04-20T22:26:11.758Z"
    }
},
{
    "model": "targets.area", 
    "pk": 1, 
    "fields": {
        "name": "education", 
        "datetime_created": "2014-04-20T19:39:58.757Z", 
        "datetime_modified": "2014-04-20T19:39:58.758Z"
    }
},
{
    "model": "targets.university", 
    "pk": 1, 
    "fields": {
        "abbreviate": "", 
        "address": null, 
        "datetime_created": "2014-04-20T19:40:00.334Z", 
        "datetime_modified": "2014-04-20T19:40:00.335Z", 
        "rank": null, 
        "name": "University of Illinois--Urbana-Champaign", 
        "url": null, 
        "priority": null
    }
},
{
    "model": "targets.university", 
    "pk": 2, 
    "fields": {
        "abbreviate": "", 
        "address": null, 
        "datetime_created": "2014-04-20T19:40:01.255Z", 
        "datetime_modified": "2014-04-20T19:40:01.255Z", 
        "rank": null, 
        "name": "University of Maryland--College Park", 
        "url": null, 
        "priority": null
    }
},
{
    "model": "targets.university", 
    "pk": 3, 
    "fields": {
        "abbreviate": "", 
        "address": null, 
        "datetime_created": "2014-04-20T19:40:02.540Z", 
        "datetime_modified": "2014-04-20T19:40:02.540Z", 
        "rank": null, 
        "name": "Utah State University", 
        "url": null, 
        "priority": null
    }
},
{
    "model": "targets.university", 
    "pk": 4, 
    "fields": {
        "abbreviate": "", 
        "address": null, 
        "datetime_created": "2014-04-20T19:40:05.651Z", 
        "datetime_modified": "2014-04-20T19:40:05.651Z", 
        "rank": null, 
        "name": "University of Colorado--Boulder", 
        "url": null, 
        "priority": null
    }
},
{
    "model": "targets.university", 
    "pk": 5, 
    "fields": {
        "abbreviate": "", 
        "address": null, 
        "datetime_created": "2014-04-20T19:40:06.266Z", 
        "datetime_modified": "2014-04-20T19:40:06.266Z", 
        "rank": null, 
        "name": "University of Delaware", 
        "url": null, 
        "priority": null
    }
},
{
    "model": "targets.university", 
    "pk": 6, 
    "fields": {
        "abbreviate": "", 
        "address": null, 
        "datetime_created": "2014-04-20T19:40:07.177Z", 
        "datetime_modified": "2014-04-20T19:40:07.177Z", 
        "rank": null, 
        "name": "University of Florida", 
        "url": null, 
        "priority": null
    }
},
{
    "model": "targets.university", 
    "pk": 7, 
    "fields": {
        "abbreviate": "", 
        "address": null, 
        "datetime_created": "2014-04-20T19:40:11.851Z", 
        "datetime_modified": "2014-04-20T19:40:11.851Z", 
        "rank": null, 
        "name": "Virginia Commonwealth University", 
        "url": null, 
        "priority": null
    }
},
{
    "model": "targets.university", 
    "pk": 8, 
    "fields": {
        "abbreviate": "", 
        "address": null, 
        "datetime_created": "2014-04-20T19:40:12.817Z", 
        "datetime_modified": "2014-04-20T19:40:12.817Z", 
        "rank": null, 
        "name": "Pennsylvania State University--University Park", 
        "url": null, 
        "priority": null
    }
},
{
    "model": "targets.university", 
    "pk": 9, 
    "fields": {
        "abbreviate": "", 
        "address": null, 
        "datetime_created": "2014-04-20T19:40:13.768Z", 
        "datetime_modified": "2014-04-20T19:40:13.768Z", 
        "rank": null, 
        "name": "University of Connecticut", 
        "url": null, 
        "priority": null
    }
},
{
    "model": "targets.university", 
    "pk": 10, 
    "fields": {
        "abbreviate": "", 
        "address": null, 
        "datetime_created": "2014-04-20T19:40:15.142Z", 
        "datetime_modified": "2014-04-20T19:40:15.142Z", 
        "rank": null, 
        "name": "University of Georgia", 
        "url": null, 
        "priority": null
    }
},
{
    "model": "targets.university", 
    "pk": 11, 
    "fields": {
        "abbreviate": "", 
        "address": null, 
        "datetime_created": "2014-04-20T19:40:17.772Z", 
        "datetime_modified": "2014-04-20T19:40:17.772Z", 
        "rank": null, 
        "name": "University of California--Irvine", 
        "url": null, 
        "priority": null
    }
},
{
    "model": "targets.university", 
    "pk": 12, 
    "fields": {
        "abbreviate": "", 
        "address": null, 
        "datetime_created": "2014-04-20T19:40:19.177Z", 
        "datetime_modified": "2014-04-20T19:40:19.177Z", 
        "rank": null, 
        "name": "University of North Carolina--Chapel Hill", 
        "url": null, 
        "priority": null
    }
},
{
    "model": "targets.university", 
    "pk": 13, 
    "fields": {
        "abbreviate": "", 
        "address": null, 
        "datetime_created": "2014-04-20T19:40:20.576Z", 
        "datetime_modified": "2014-04-20T19:40:20.576Z", 
        "rank": null, 
        "name": "Purdue University--West Lafayette", 
        "url": null, 
        "priority": null
    }
},
{
    "model": "targets.university", 
    "pk": 14, 
    "fields": {
        "abbreviate": "", 
        "address": null, 
        "datetime_created": "2014-04-20T19:40:21.982Z", 
        "datetime_modified": "2014-04-20T19:40:21.982Z", 
        "rank": null, 
        "name": "College of William and Mary", 
        "url": null, 
        "priority": null
    }
},
{
    "model": "targets.university", 
    "pk": 15, 
    "fields": {
        "abbreviate": "", 
        "address": null, 
        "datetime_created": "2014-04-20T19:40:24.094Z", 
        "datetime_modified": "2014-04-20T19:40:24.094Z", 
        "rank": null, 
        "name": "Florida State University", 
        "url": null, 
        "priority": null
    }
},
{
    "model": "targets.university", 
    "pk": 16, 
    "fields": {
        "abbreviate": "", 
        "address": null, 
        "datetime_created": "2014-04-20T19:40:25.290Z", 
        "datetime_modified": "2014-04-20T19:40:25.290Z", 
        "rank": null, 
        "name": "Rutgers, the State University of New Jersey--New Brunswick", 
        "url": null, 
        "priority": null
    }
},
{
    "model": "targets.university", 
    "pk": 17, 
    "fields": {
        "abbreviate": "", 
        "address": null, 
        "datetime_created": "2014-04-20T19:40:26.493Z", 
        "datetime_modified": "2014-04-20T19:40:26.493Z", 
        "rank": null, 
        "name": "Lehigh University", 
        "url": null, 
        "priority": null
    }
},
{
    "model": "targets.university", 
    "pk": 18, 
    "fields": {
        "abbreviate": "", 
        "address": null, 
        "datetime_created": "2014-04-20T19:40:28.957Z", 
        "datetime_modified": "2014-04-20T19:40:28.957Z", 
        "rank": null, 
        "name": "University of Illinois--Chicago", 
        "url": null, 
        "priority": null
    }
},
{
    "model": "targets.university", 
    "pk": 19, 
    "fields": {
        "abbreviate": "", 
        "address": null, 
        "datetime_created": "2014-04-20T19:40:30.656Z", 
        "datetime_modified": "2014-04-20T19:40:30.656Z", 
        "rank": null, 
        "name": "University of Massachusetts--Amherst", 
        "url": null, 
        "priority": null
    }
},
{
    "model": "targets.university", 
    "pk": 20, 
    "fields": {
        "abbreviate": "", 
        "address": null, 
        "datetime_created": "2014-04-20T19:40:31.865Z", 
        "datetime_modified": "2014-04-20T19:40:31.865Z", 
        "rank": null, 
        "name": "Syracuse University", 
        "url": null, 
        "priority": null
    }
},
{
    "model": "targets.university", 
    "pk": 21, 
    "fields": {
        "abbreviate": "", 
        "address": null, 
        "datetime_created": "2014-04-20T19:40:33.386Z", 
        "datetime_modified": "2014-04-20T19:40:33.386Z", 
        "rank": null, 
        "name": "University of California--Davis", 
        "url": null, 
        "priority": null
    }
},
{
    "model": "targets.university", 
    "pk": 22, 
    "fields": {
        "abbreviate": "", 
        "address": null, 
        "datetime_created": "2014-04-20T19:40:35.783Z", 
        "datetime_modified": "2014-04-20T19:40:35.783Z", 
        "rank": null, 
        "name": "Washington University in St. Louis", 
        "url": null, 
        "priority": null
    }
},
{
    "model": "targets.university", 
    "pk": 23, 
    "fields": {
        "abbreviate": "", 
        "address": null, 
        "datetime_created": "2014-04-20T19:40:38.139Z", 
        "datetime_modified": "2014-04-20T19:40:38.139Z", 
        "rank": null, 
        "name": "University of Arizona", 
        "url": null, 
        "priority": null
    }
},
{
    "model": "targets.university", 
    "pk": 24, 
    "fields": {
        "abbreviate": "", 
        "address": null, 
        "datetime_created": "2014-04-20T19:40:39.659Z", 
        "datetime_modified": "2014-04-20T19:40:39.659Z", 
        "rank": null, 
        "name": "University of Iowa", 
        "url": null, 
        "priority": null
    }
},
{
    "model": "targets.university", 
    "pk": 25, 
    "fields": {
        "abbreviate": "", 
        "address": null, 
        "datetime_created": "2014-04-20T19:40:40.963Z", 
        "datetime_modified": "2014-04-20T19:40:40.963Z", 
        "rank": null, 
        "name": "University of Nebraska--Lincoln", 
        "url": null, 
        "priority": null
    }
},
{
    "model": "targets.school", 
    "pk": 1, 
    "fields": {
        "abbreviate": "", 
        "address": "1310 S Sixth Street Champaign IL 61820", 
        "datetime_created": "2014-04-20T19:40:00.355Z", 
        "datetime_modified": "2014-04-20T19:40:00.355Z", 
        "name": "The College of Education at University of Illinois--Urbana-Champaign", 
        "specialties": [], 
        "area": 1, 
        "university": 1, 
        "url": "http://www.education.illinois.edu", 
        "nickname": ""
    }
},
{
    "model": "targets.school", 
    "pk": 2, 
    "fields": {
        "abbreviate": "", 
        "address": "3119 Benjamin Building College Park MD 20742", 
        "datetime_created": "2014-04-20T19:40:01.280Z", 
        "datetime_modified": "2014-04-20T19:40:01.280Z", 
        "name": "The College of Education at University of Maryland--College Park", 
        "specialties": [], 
        "area": 1, 
        "university": 2, 
        "url": "http://www.education.umd.edu/GraduatePrograms", 
        "nickname": ""
    }
},
{
    "model": "targets.school", 
    "pk": 3, 
    "fields": {
        "abbreviate": "", 
        "address": "2800 Old Main Hill Logan UT 84322", 
        "datetime_created": "2014-04-20T19:40:02.558Z", 
        "datetime_modified": "2014-04-20T19:40:02.558Z", 
        "name": "The College of Education and Human Services at Utah State University", 
        "specialties": [], 
        "area": 1, 
        "university": 3, 
        "url": "http://www.rgs.usu.edu/graduateschool", 
        "nickname": ""
    }
},
{
    "model": "targets.school", 
    "pk": 4, 
    "fields": {
        "abbreviate": "", 
        "address": "Campus Box 249 Boulder CO 80309", 
        "datetime_created": "2014-04-20T19:40:05.671Z", 
        "datetime_modified": "2014-04-20T19:40:05.671Z", 
        "name": "The School of Education at University of Colorado--Boulder", 
        "specialties": [], 
        "area": 1, 
        "university": 4, 
        "url": "http://www.colorado.edu/education", 
        "nickname": ""
    }
},
{
    "model": "targets.school", 
    "pk": 5, 
    "fields": {
        "abbreviate": "", 
        "address": "113 Willard Hall Education Building Newark DE 19716", 
        "datetime_created": "2014-04-20T19:40:06.285Z", 
        "datetime_modified": "2014-04-20T19:40:06.285Z", 
        "name": "The School of Education at University of Delaware", 
        "specialties": [], 
        "area": 1, 
        "university": 5, 
        "url": "http://www.education.udel.edu", 
        "nickname": ""
    }
},
{
    "model": "targets.school", 
    "pk": 6, 
    "fields": {
        "abbreviate": "", 
        "address": "140 Norman Hall PO Box 117040 Gainesville FL 32611", 
        "datetime_created": "2014-04-20T19:40:07.197Z", 
        "datetime_modified": "2014-04-20T19:40:07.197Z", 
        "name": "The College of Education at University of Florida", 
        "specialties": [], 
        "area": 1, 
        "university": 6, 
        "url": "http://education.ufl.edu/", 
        "nickname": ""
    }
},
{
    "model": "targets.school", 
    "pk": 7, 
    "fields": {
        "abbreviate": "", 
        "address": "1015 W Main Street PO Box 842020 Richmond VA 23284", 
        "datetime_created": "2014-04-20T19:40:11.870Z", 
        "datetime_modified": "2014-04-20T19:40:11.870Z", 
        "name": "The School of Education at Virginia Commonwealth University", 
        "specialties": [], 
        "area": 1, 
        "university": 7, 
        "url": "http://www.soe.vcu.edu", 
        "nickname": ""
    }
},
{
    "model": "targets.school", 
    "pk": 8, 
    "fields": {
        "abbreviate": "", 
        "address": "274 Chambers Building University Park PA 16802", 
        "datetime_created": "2014-04-20T19:40:12.837Z", 
        "datetime_modified": "2014-04-20T19:40:12.837Z", 
        "name": "The College of Education at Pennsylvania State University--University Park", 
        "specialties": [], 
        "area": 1, 
        "university": 8, 
        "url": "http://www.ed.psu.edu", 
        "nickname": ""
    }
},
{
    "model": "targets.school", 
    "pk": 9, 
    "fields": {
        "abbreviate": "", 
        "address": "249 Glenbrook Road Storrs CT 06269", 
        "datetime_created": "2014-04-20T19:40:13.787Z", 
        "datetime_modified": "2014-04-20T19:40:13.787Z", 
        "name": "The Neag School of Education at University of Connecticut", 
        "specialties": [], 
        "area": 1, 
        "university": 9, 
        "url": "http://www.grad.uconn.edu", 
        "nickname": "Neag"
    }
},
{
    "model": "targets.school", 
    "pk": 10, 
    "fields": {
        "abbreviate": "", 
        "address": "G3 Aderhold Hall Athens GA 30602", 
        "datetime_created": "2014-04-20T19:40:15.167Z", 
        "datetime_modified": "2014-04-20T19:40:15.167Z", 
        "name": "The College of Education at University of Georgia", 
        "specialties": [], 
        "area": 1, 
        "university": 10, 
        "url": "http://www.coe.uga.edu/", 
        "nickname": ""
    }
},
{
    "model": "targets.school", 
    "pk": 11, 
    "fields": {
        "abbreviate": "", 
        "address": "3200 Education Irvine CA 92697", 
        "datetime_created": "2014-04-20T19:40:17.864Z", 
        "datetime_modified": "2014-04-20T19:40:17.864Z", 
        "name": "The School of Education at University of California--Irvine", 
        "specialties": [], 
        "area": 1, 
        "university": 11, 
        "url": "http://education.uci.edu", 
        "nickname": ""
    }
},
{
    "model": "targets.school", 
    "pk": 12, 
    "fields": {
        "abbreviate": "", 
        "address": "CB3500 101 Peabody Hall Chapel Hill NC 27599", 
        "datetime_created": "2014-04-20T19:40:19.222Z", 
        "datetime_modified": "2014-04-20T19:40:19.222Z", 
        "name": "The School of Education at University of North Carolina--Chapel Hill", 
        "specialties": [], 
        "area": 1, 
        "university": 12, 
        "url": "http://soe.unc.edu", 
        "nickname": ""
    }
},
{
    "model": "targets.school", 
    "pk": 13, 
    "fields": {
        "abbreviate": "", 
        "address": "100 N University Street West Lafayette IN 47907", 
        "datetime_created": "2014-04-20T19:40:20.594Z", 
        "datetime_modified": "2014-04-20T19:40:20.594Z", 
        "name": "The College of Education at Purdue University--West Lafayette", 
        "specialties": [], 
        "area": 1, 
        "university": 13, 
        "url": "http://www.education.purdue.edu/", 
        "nickname": ""
    }
},
{
    "model": "targets.school", 
    "pk": 14, 
    "fields": {
        "abbreviate": "", 
        "address": "PO Box 8795 Williamsburg VA 23187", 
        "datetime_created": "2014-04-20T19:40:22.034Z", 
        "datetime_modified": "2014-04-20T19:40:22.034Z", 
        "name": "The School of Education at College of William and Mary", 
        "specialties": [], 
        "area": 1, 
        "university": 14, 
        "url": "http://education.wm.edu/", 
        "nickname": ""
    }
},
{
    "model": "targets.school", 
    "pk": 15, 
    "fields": {
        "abbreviate": "", 
        "address": "Suite 1100 Stone Building 1114 W Call Street Tallahassee FL 32306", 
        "datetime_created": "2014-04-20T19:40:24.113Z", 
        "datetime_modified": "2014-04-20T19:40:24.113Z", 
        "name": "The College of Education at Florida State University", 
        "specialties": [], 
        "area": 1, 
        "university": 15, 
        "url": "http://www.coe.fsu.edu", 
        "nickname": ""
    }
},
{
    "model": "targets.school", 
    "pk": 16, 
    "fields": {
        "abbreviate": "", 
        "address": "10 Seminary Place New Brunswick NJ 08901", 
        "datetime_created": "2014-04-20T19:40:25.323Z", 
        "datetime_modified": "2014-04-20T19:40:25.323Z", 
        "name": "The Graduate School of Education at Rutgers, the State University of New Jersey--New Brunswick", 
        "specialties": [], 
        "area": 1, 
        "university": 16, 
        "url": "http://www.gse.rutgers.edu", 
        "nickname": ""
    }
},
{
    "model": "targets.school", 
    "pk": 17, 
    "fields": {
        "abbreviate": "", 
        "address": "111 Research Drive Bethlehem PA 18015", 
        "datetime_created": "2014-04-20T19:40:26.511Z", 
        "datetime_modified": "2014-04-20T19:40:26.511Z", 
        "name": "The College of Education at Lehigh University", 
        "specialties": [], 
        "area": 1, 
        "university": 17, 
        "url": "http://coe.lehigh.edu/", 
        "nickname": ""
    }
},
{
    "model": "targets.school", 
    "pk": 18, 
    "fields": {
        "abbreviate": "", 
        "address": "1040 W Harrison Street Chicago IL 60607", 
        "datetime_created": "2014-04-20T19:40:28.985Z", 
        "datetime_modified": "2014-04-20T19:40:28.985Z", 
        "name": "The College of Education at University of Illinois--Chicago", 
        "specialties": [], 
        "area": 1, 
        "university": 18, 
        "url": "http://www.education.uic.edu", 
        "nickname": ""
    }
},
{
    "model": "targets.school", 
    "pk": 19, 
    "fields": {
        "abbreviate": "", 
        "address": "Furcolo Hall 813 N Pleasant Street Amherst MA 01003", 
        "datetime_created": "2014-04-20T19:40:30.681Z", 
        "datetime_modified": "2014-04-20T19:40:30.681Z", 
        "name": "The College of Education at University of Massachusetts--Amherst", 
        "specialties": [], 
        "area": 1, 
        "university": 19, 
        "url": "http://www.umass.edu/education", 
        "nickname": ""
    }
},
{
    "model": "targets.school", 
    "pk": 20, 
    "fields": {
        "abbreviate": "", 
        "address": "230 Huntington Hall Syracuse NY 13244", 
        "datetime_created": "2014-04-20T19:40:31.883Z", 
        "datetime_modified": "2014-04-20T19:40:31.883Z", 
        "name": "The School of Education at Syracuse University", 
        "specialties": [], 
        "area": 1, 
        "university": 20, 
        "url": "http://soe.syr.edu", 
        "nickname": ""
    }
},
{
    "model": "targets.school", 
    "pk": 21, 
    "fields": {
        "abbreviate": "", 
        "address": "School of Education 1 Shields Avenue Davis CA 95616", 
        "datetime_created": "2014-04-20T19:40:33.406Z", 
        "datetime_modified": "2014-04-20T19:40:33.406Z", 
        "name": "The School of Education at University of California--Davis", 
        "specialties": [], 
        "area": 1, 
        "university": 21, 
        "url": "http://education.ucdavis.edu", 
        "nickname": ""
    }
},
{
    "model": "targets.school", 
    "pk": 22, 
    "fields": {
        "abbreviate": "", 
        "address": "1 Brookings Drive Box 1183 St Louis MO 63130", 
        "datetime_created": "2014-04-20T19:40:35.801Z", 
        "datetime_modified": "2014-04-20T19:40:35.801Z", 
        "name": "The Department of Education at Washington University in St. Louis", 
        "specialties": [], 
        "area": 1, 
        "university": 22, 
        "url": "http://education.wustl.edu", 
        "nickname": ""
    }
},
{
    "model": "targets.school", 
    "pk": 23, 
    "fields": {
        "abbreviate": "", 
        "address": "Box 210069 1430 E Second Street Tucson AZ 85721", 
        "datetime_created": "2014-04-20T19:40:38.159Z", 
        "datetime_modified": "2014-04-20T19:40:38.159Z", 
        "name": "The College of Education at University of Arizona", 
        "specialties": [], 
        "area": 1, 
        "university": 23, 
        "url": "http://coe.arizona.edu/", 
        "nickname": ""
    }
},
{
    "model": "targets.school", 
    "pk": 24, 
    "fields": {
        "abbreviate": "", 
        "address": "Lindquist Center Iowa City IA 52242", 
        "datetime_created": "2014-04-20T19:40:39.693Z", 
        "datetime_modified": "2014-04-20T19:40:39.693Z", 
        "name": "The College of Education at University of Iowa", 
        "specialties": [], 
        "area": 1, 
        "university": 24, 
        "url": "http://www.education.uiowa.edu", 
        "nickname": ""
    }
},
{
    "model": "targets.school", 
    "pk": 25, 
    "fields": {
        "abbreviate": "whatever", 
        "address": "233 Mabel Lee Hall Lincoln NE 68588", 
        "datetime_created": "2014-04-20T19:40:40.982Z", 
        "datetime_modified": "2014-04-20T22:26:14.795Z", 
        "name": "The College of Education and Human Sciences at University of Nebraska--Lincoln", 
        "specialties": [
            1, 
            2, 
            3, 
            4
        ], 
        "area": 1, 
        "university": 25, 
        "url": "http://cehs.unl.edu/", 
        "nickname": "whatever"
    }
}
]
